               epoch,      train/box_loss,      train/obj_loss,      train/cls_loss,   metrics/precision,      metrics/recall,     metrics/mAP_0.5,metrics/mAP_0.5:0.95,        val/box_loss,        val/obj_loss,        val/cls_loss,               x/lr0,               x/lr1,               x/lr2
                   0,             0.11085,            0.064253,            0.066115,           0.0010226,            0.056485,          0.00067932,          0.00017794,             0.10261,            0.042781,            0.062771,              0.0937,              0.0007,              0.0007
                   1,            0.096116,            0.067689,            0.057664,           0.0041901,             0.21936,           0.0073308,           0.0020739,            0.082922,            0.048848,            0.044659,            0.086493,           0.0014926,           0.0014926
                   2,            0.084245,            0.079278,            0.045768,            0.020055,              0.1735,            0.037835,            0.012018,            0.070873,            0.089138,            0.031975,            0.079277,           0.0022772,           0.0022772
                   3,            0.074558,            0.072617,            0.039725,             0.63649,             0.12715,            0.047816,            0.014462,            0.073193,            0.063677,            0.028992,            0.072054,            0.003054,            0.003054
                   4,            0.069582,            0.067261,            0.036695,             0.77141,             0.14567,             0.08766,            0.028575,            0.070933,            0.051179,            0.026295,            0.064823,           0.0038228,           0.0038228
                   5,            0.067843,             0.06616,             0.03342,             0.27205,             0.25376,               0.105,            0.034029,            0.068018,            0.043236,            0.024384,            0.057584,           0.0045837,           0.0045837
                   6,            0.065835,            0.065543,            0.034122,             0.60849,              0.2244,             0.14005,            0.051658,             0.06647,            0.038034,            0.022776,            0.050337,           0.0053367,           0.0053367
                   7,            0.065999,            0.058631,            0.032274,              0.7754,             0.20188,             0.20388,            0.095781,            0.058853,            0.036172,            0.021174,            0.043082,           0.0060817,           0.0060817
                   8,            0.064816,            0.057065,            0.029195,             0.56495,             0.29986,             0.22906,            0.085321,            0.058336,            0.035477,            0.018755,            0.035819,           0.0068188,           0.0068188
                   9,            0.064183,            0.053656,            0.025972,              0.5329,             0.31829,             0.21982,            0.096574,            0.064634,            0.036348,            0.015963,            0.028548,           0.0075481,           0.0075481
                  10,            0.061638,            0.051835,            0.024995,              0.5422,             0.33451,             0.25275,             0.10885,            0.057346,            0.041603,            0.014102,            0.021269,           0.0082693,           0.0082693
                  11,            0.059745,            0.052247,            0.021935,             0.60641,             0.31569,             0.25641,             0.10645,            0.064489,            0.042157,            0.012647,            0.013983,           0.0089827,           0.0089827
                  12,            0.058736,            0.053316,             0.01973,              0.5623,             0.30621,             0.23185,            0.097638,            0.054077,            0.040418,            0.011795,            0.009406,            0.009406,            0.009406
                  13,            0.055049,            0.055116,            0.018569,             0.54435,             0.30827,             0.23836,              0.1032,            0.058037,            0.043623,            0.013224,            0.009406,            0.009406,            0.009406
                  14,             0.05316,            0.052152,            0.015623,             0.62932,             0.31227,             0.28663,             0.13078,            0.052988,             0.03919,            0.013072,           0.0093565,           0.0093565,           0.0093565
                  15,            0.049536,            0.046721,            0.015194,             0.56833,             0.36308,             0.30107,             0.14055,            0.050697,            0.038644,            0.012598,            0.009307,            0.009307,            0.009307
                  16,            0.050506,            0.052056,            0.014136,             0.66487,              0.3382,             0.32477,             0.15407,            0.047138,            0.036577,            0.012843,           0.0092575,           0.0092575,           0.0092575
                  17,            0.048679,            0.048763,            0.013241,             0.65076,              0.3429,             0.34404,             0.17176,            0.048329,            0.037352,            0.013145,            0.009208,            0.009208,            0.009208
                  18,            0.046507,            0.051909,             0.01258,             0.67154,             0.33868,             0.33464,             0.17854,            0.044357,            0.035038,            0.012859,           0.0091585,           0.0091585,           0.0091585
                  19,            0.045745,            0.047265,             0.01211,             0.72582,              0.3231,             0.35527,             0.18657,            0.044156,            0.035195,            0.012874,            0.009109,            0.009109,            0.009109
                  20,             0.04455,            0.042687,            0.012232,             0.69245,             0.37061,             0.37029,             0.19711,            0.043767,            0.035227,            0.010545,           0.0090595,           0.0090595,           0.0090595
                  21,            0.042924,             0.04431,            0.010557,              0.7241,             0.33417,             0.35907,             0.17879,            0.044038,            0.035066,            0.010524,             0.00901,             0.00901,             0.00901
                  22,             0.04314,            0.042955,            0.011646,             0.75504,             0.33253,             0.35274,             0.18952,            0.042013,            0.037124,            0.011616,           0.0089605,           0.0089605,           0.0089605
                  23,            0.042031,            0.044699,             0.01179,             0.75557,             0.34506,             0.37731,             0.20913,            0.041802,            0.035359,            0.010417,            0.008911,            0.008911,            0.008911
                  24,            0.041299,            0.042795,            0.010005,             0.71253,             0.34161,             0.35427,             0.19099,            0.041064,            0.036378,             0.01039,           0.0088615,           0.0088615,           0.0088615
                  25,            0.041706,            0.044026,            0.010915,             0.57876,             0.38664,             0.37278,              0.2048,            0.041736,            0.035732,            0.010048,            0.008812,            0.008812,            0.008812
                  26,            0.040786,            0.041608,            0.010249,              0.5887,              0.3645,             0.36874,             0.20276,            0.041172,            0.036642,            0.010065,           0.0087625,           0.0087625,           0.0087625
                  27,            0.039877,            0.043992,           0.0099048,             0.71608,             0.33776,             0.36544,              0.1907,             0.04233,             0.03623,            0.012361,            0.008713,            0.008713,            0.008713
                  28,            0.040378,            0.038601,           0.0088865,             0.47519,              0.3456,             0.35229,             0.19126,            0.043866,            0.036929,            0.010414,           0.0086635,           0.0086635,           0.0086635
                  29,            0.040389,            0.039874,           0.0098954,             0.58438,              0.3564,             0.36828,             0.20167,            0.041628,            0.036989,            0.010804,            0.008614,            0.008614,            0.008614
                  30,            0.040142,            0.044793,           0.0083322,             0.45473,             0.37981,             0.36179,             0.20169,            0.042227,            0.036253,            0.010672,           0.0085645,           0.0085645,           0.0085645
                  31,            0.038819,            0.040962,           0.0087806,             0.53889,             0.35504,             0.36876,             0.19891,            0.040482,            0.036564,            0.011169,            0.008515,            0.008515,            0.008515
                  32,            0.039535,            0.045649,           0.0087462,             0.56799,             0.33015,             0.35566,             0.19682,            0.040905,            0.037998,            0.012065,           0.0084655,           0.0084655,           0.0084655
                  33,             0.03807,            0.040453,           0.0081218,             0.51027,             0.31433,             0.34149,             0.18724,             0.04095,            0.039203,            0.011292,            0.008416,            0.008416,            0.008416
                  34,            0.038397,            0.042051,           0.0083896,             0.50592,              0.3768,             0.36381,             0.20098,            0.042581,            0.040205,            0.011819,           0.0083665,           0.0083665,           0.0083665
                  35,            0.037892,            0.043476,            0.007916,             0.49017,             0.39502,             0.37258,             0.20008,            0.040267,            0.040053,            0.011657,            0.008317,            0.008317,            0.008317
                  36,            0.038109,            0.040972,           0.0071092,             0.50926,             0.36353,             0.35708,             0.20108,            0.040507,            0.039885,            0.012118,           0.0082675,           0.0082675,           0.0082675
                  37,            0.038174,            0.040089,           0.0076702,              0.4454,             0.40228,             0.36483,             0.20925,            0.041872,             0.04027,            0.011231,            0.008218,            0.008218,            0.008218
                  38,            0.036472,            0.042596,            0.007404,             0.63442,             0.39709,             0.39076,             0.21888,             0.03933,            0.037564,            0.010525,           0.0081685,           0.0081685,           0.0081685
                  39,            0.036518,            0.040449,            0.007055,             0.49133,             0.36187,             0.36544,             0.20227,            0.039698,            0.038319,            0.010262,            0.008119,            0.008119,            0.008119
                  40,            0.036854,            0.037156,           0.0075722,             0.44228,             0.45811,             0.37481,             0.21696,            0.038987,            0.038547,           0.0098608,           0.0080695,           0.0080695,           0.0080695
                  41,            0.035834,            0.036838,           0.0064363,             0.47202,             0.43464,             0.37478,             0.21638,             0.03917,            0.037817,           0.0097823,             0.00802,             0.00802,             0.00802
                  42,            0.035648,            0.037956,           0.0069743,             0.46225,             0.36739,             0.35517,             0.20564,            0.038619,            0.037432,           0.0097153,           0.0079705,           0.0079705,           0.0079705
                  43,            0.035471,            0.037542,           0.0071097,              0.4975,             0.36553,              0.3599,             0.20914,            0.039497,            0.038582,            0.010827,            0.007921,            0.007921,            0.007921
                  44,            0.034296,            0.039182,           0.0064314,             0.66356,             0.36731,             0.36193,             0.20824,            0.039388,            0.040207,            0.011371,           0.0078715,           0.0078715,           0.0078715
                  45,            0.034699,            0.038296,           0.0064991,             0.55379,             0.36312,             0.39321,             0.22718,            0.039384,            0.039857,           0.0099597,            0.007822,            0.007822,            0.007822
                  46,            0.034862,            0.036954,           0.0059499,              0.4576,             0.47579,             0.38423,             0.22401,            0.039648,            0.039263,            0.010522,           0.0077725,           0.0077725,           0.0077725
                  47,            0.035096,            0.036815,           0.0063294,             0.52051,             0.33446,              0.3362,             0.19034,            0.039836,            0.041199,            0.011161,            0.007723,            0.007723,            0.007723
                  48,            0.035192,            0.039988,           0.0059661,             0.58147,             0.36236,             0.34605,             0.19897,            0.040204,            0.041529,            0.012554,           0.0076735,           0.0076735,           0.0076735
                  49,            0.034096,             0.03691,           0.0051391,             0.62111,             0.34729,             0.35824,             0.20673,            0.039494,             0.04063,            0.010833,            0.007624,            0.007624,            0.007624
                  50,            0.033905,            0.036174,           0.0065305,             0.53202,             0.33172,             0.35979,             0.20238,            0.040306,            0.040146,            0.011233,           0.0075745,           0.0075745,           0.0075745
                  51,            0.034123,            0.037695,           0.0057507,             0.53961,             0.34215,             0.36816,             0.20889,             0.03932,            0.041024,            0.011357,            0.007525,            0.007525,            0.007525
                  52,            0.033727,            0.033675,           0.0052471,             0.50883,             0.39334,              0.3728,             0.21152,              0.0398,            0.041078,            0.010901,           0.0074755,           0.0074755,           0.0074755
                  53,            0.033372,            0.036796,           0.0056474,             0.52789,             0.37404,             0.35355,             0.20365,            0.040105,            0.040402,            0.011187,            0.007426,            0.007426,            0.007426
                  54,            0.033775,            0.036897,           0.0055556,             0.67534,             0.34857,             0.36984,             0.21518,            0.039324,            0.039497,            0.009368,           0.0073765,           0.0073765,           0.0073765
                  55,            0.034045,            0.037576,           0.0059456,             0.52946,             0.36283,             0.37377,             0.21566,            0.038293,            0.039936,           0.0096883,            0.007327,            0.007327,            0.007327
                  56,             0.03304,               0.035,           0.0051146,             0.53155,             0.35741,             0.37765,             0.21388,            0.039295,            0.038847,            0.012362,           0.0072775,           0.0072775,           0.0072775
                  57,             0.03235,            0.034348,            0.005464,             0.47468,             0.56146,              0.4049,             0.23343,            0.039048,            0.038616,           0.0095756,            0.007228,            0.007228,            0.007228
                  58,            0.033371,            0.034095,           0.0060572,             0.51056,             0.39239,             0.37729,             0.22117,             0.03916,            0.040069,              0.0106,           0.0071785,           0.0071785,           0.0071785
                  59,            0.031955,            0.037886,           0.0047346,             0.65665,             0.35348,             0.37367,             0.22109,            0.039089,            0.040832,             0.01047,            0.007129,            0.007129,            0.007129
                  60,             0.03022,            0.036053,           0.0049832,             0.51063,             0.37631,             0.34949,              0.2031,            0.038845,            0.039054,            0.010067,           0.0070795,           0.0070795,           0.0070795
                  61,            0.032547,            0.034858,           0.0046443,             0.53573,             0.34733,             0.35767,             0.21134,            0.039419,            0.040217,            0.010766,             0.00703,             0.00703,             0.00703
                  62,            0.032278,            0.034425,           0.0046758,             0.49491,             0.37576,              0.3686,             0.21582,            0.038999,             0.04017,            0.011789,           0.0069805,           0.0069805,           0.0069805
                  63,            0.032025,            0.035948,           0.0052125,             0.56099,             0.33952,             0.36394,             0.20751,            0.038482,            0.041596,            0.011051,            0.006931,            0.006931,            0.006931
                  64,            0.032146,            0.035254,           0.0047251,             0.51137,             0.34107,             0.35931,              0.2057,            0.040153,            0.043293,            0.011276,           0.0068815,           0.0068815,           0.0068815
                  65,            0.031737,            0.034804,            0.005389,             0.52364,             0.36214,             0.38473,              0.2254,            0.039748,            0.042408,            0.010051,            0.006832,            0.006832,            0.006832
                  66,            0.031562,            0.032105,           0.0049188,             0.52144,             0.33154,             0.33809,             0.19552,            0.039389,            0.043539,             0.01109,           0.0067825,           0.0067825,           0.0067825
                  67,            0.030493,            0.032988,           0.0046146,             0.61012,             0.34631,              0.3612,             0.20201,            0.039193,            0.041598,            0.010926,            0.006733,            0.006733,            0.006733
                  68,            0.031602,             0.03517,           0.0047506,             0.66987,             0.32491,             0.39834,             0.22507,            0.039429,            0.043895,            0.011302,           0.0066835,           0.0066835,           0.0066835
                  69,            0.031311,            0.038239,           0.0050593,             0.50747,             0.47986,              0.4166,             0.23587,            0.038587,            0.042131,            0.009662,            0.006634,            0.006634,            0.006634
                  70,            0.030665,            0.034108,           0.0043763,             0.40522,             0.42288,              0.4005,             0.22784,            0.038927,            0.041516,           0.0092827,           0.0065845,           0.0065845,           0.0065845
                  71,            0.030084,            0.033728,           0.0049733,             0.49832,             0.47755,             0.41711,               0.244,            0.039608,            0.044375,              0.0104,            0.006535,            0.006535,            0.006535
                  72,            0.030105,             0.03323,            0.004939,             0.58313,             0.44541,             0.45212,             0.27815,            0.039275,            0.043564,            0.010538,           0.0064855,           0.0064855,           0.0064855
                  73,            0.028832,            0.033138,           0.0045223,             0.46391,              0.4155,             0.37673,             0.22269,            0.038563,             0.04182,            0.010167,            0.006436,            0.006436,            0.006436
                  74,            0.030164,            0.031786,           0.0048844,             0.61107,              0.3212,             0.36612,             0.20879,            0.039897,            0.045462,            0.011967,           0.0063865,           0.0063865,           0.0063865
                  75,            0.029932,             0.03428,           0.0041592,             0.65285,             0.31597,             0.34433,             0.19631,            0.040129,            0.044544,            0.011352,            0.006337,            0.006337,            0.006337
                  76,            0.030105,            0.030927,           0.0041273,             0.54058,             0.35055,             0.36713,             0.20734,            0.038784,            0.041563,            0.010271,           0.0062875,           0.0062875,           0.0062875
                  77,            0.030393,            0.035161,           0.0039936,             0.73274,             0.31442,             0.35709,             0.21036,            0.039382,            0.042869,           0.0098937,            0.006238,            0.006238,            0.006238
                  78,            0.030094,            0.031773,           0.0046487,             0.37965,             0.37747,             0.35502,             0.20278,            0.038883,            0.043502,           0.0099002,           0.0061885,           0.0061885,           0.0061885
                  79,            0.028911,            0.031521,           0.0043168,             0.68489,             0.33507,             0.37254,             0.21213,            0.038965,            0.046223,             0.01065,            0.006139,            0.006139,            0.006139
                  80,            0.029268,            0.031742,           0.0041779,             0.58214,              0.4408,             0.39326,             0.22409,            0.039884,            0.045286,            0.010824,           0.0060895,           0.0060895,           0.0060895
                  81,            0.029777,            0.031792,           0.0043196,             0.52003,             0.47539,             0.38491,             0.22194,            0.038814,            0.045217,            0.010019,             0.00604,             0.00604,             0.00604
                  82,            0.028867,            0.030101,           0.0039179,             0.49318,             0.36739,             0.35216,                 0.2,            0.039401,            0.044847,            0.012185,           0.0059905,           0.0059905,           0.0059905
                  83,            0.028608,            0.031093,           0.0042853,             0.44173,              0.4258,             0.38509,             0.21842,            0.038727,            0.042257,            0.011488,            0.005941,            0.005941,            0.005941
                  84,            0.028701,            0.032927,            0.004162,             0.44195,             0.41193,             0.39925,             0.23306,            0.038532,            0.041226,            0.010081,           0.0058915,           0.0058915,           0.0058915
                  85,            0.028866,            0.032019,           0.0043031,             0.42649,             0.48908,             0.42181,             0.24819,            0.038351,            0.042323,           0.0099245,            0.005842,            0.005842,            0.005842
                  86,            0.029207,            0.030971,           0.0045705,             0.49977,             0.38185,             0.42113,             0.23447,            0.038865,            0.044104,           0.0099827,           0.0057925,           0.0057925,           0.0057925
                  87,            0.028545,            0.031278,           0.0045078,             0.66656,             0.34854,             0.39105,             0.21838,            0.038418,            0.043407,           0.0098112,            0.005743,            0.005743,            0.005743
                  88,            0.028076,            0.028784,           0.0042469,             0.47904,             0.39956,             0.38153,             0.21679,            0.038597,            0.043526,            0.010158,           0.0056935,           0.0056935,           0.0056935
                  89,            0.028509,             0.03091,           0.0040323,             0.45927,             0.40184,             0.38054,             0.21902,            0.039195,            0.044127,            0.010579,            0.005644,            0.005644,            0.005644
                  90,            0.027672,            0.030164,           0.0037628,             0.43701,             0.36968,             0.37065,             0.21987,            0.038784,            0.043015,           0.0098578,           0.0055945,           0.0055945,           0.0055945
                  91,            0.028013,            0.032447,           0.0035583,             0.44075,             0.35618,             0.35869,             0.21407,            0.040297,              0.0455,            0.010371,            0.005545,            0.005545,            0.005545
                  92,            0.027355,            0.029043,            0.003739,             0.52034,               0.365,             0.37418,             0.22348,            0.038721,            0.043259,            0.010538,           0.0054955,           0.0054955,           0.0054955
                  93,            0.027864,            0.030643,           0.0035217,             0.63527,             0.37825,             0.36192,             0.21114,             0.03976,            0.044402,            0.010408,            0.005446,            0.005446,            0.005446
                  94,            0.026469,            0.029954,            0.003488,             0.56452,             0.40494,             0.38292,              0.2253,             0.03868,            0.042507,            0.010073,           0.0053965,           0.0053965,           0.0053965
                  95,            0.026825,            0.030943,           0.0034019,             0.58346,             0.40789,             0.38344,             0.22176,            0.038236,            0.043371,            0.010323,            0.005347,            0.005347,            0.005347
                  96,            0.026889,            0.032525,           0.0037947,              0.5452,             0.38488,             0.41874,             0.22911,            0.037849,            0.043598,            0.011041,           0.0052975,           0.0052975,           0.0052975
                  97,            0.027555,            0.029148,           0.0035609,             0.42045,             0.48268,             0.40979,             0.22712,            0.038533,            0.045441,            0.010482,            0.005248,            0.005248,            0.005248
                  98,            0.026963,            0.030434,           0.0033565,             0.40677,             0.41312,             0.41377,             0.22851,            0.038313,            0.046934,            0.009472,           0.0051985,           0.0051985,           0.0051985
                  99,            0.026567,            0.030403,           0.0034492,             0.44195,             0.40473,             0.38747,             0.22564,            0.038715,            0.046647,           0.0089061,            0.005149,            0.005149,            0.005149
                 100,            0.026748,             0.03011,           0.0035826,             0.39999,              0.4265,             0.37583,             0.21976,            0.038222,            0.045036,           0.0091226,           0.0050995,           0.0050995,           0.0050995
                 101,            0.027115,            0.030392,           0.0037106,             0.44764,               0.452,             0.41125,             0.23576,            0.038344,            0.045053,           0.0097892,             0.00505,             0.00505,             0.00505
                 102,            0.025425,            0.027376,           0.0030836,             0.45214,             0.42155,             0.41025,             0.22994,            0.038187,            0.045482,            0.010034,           0.0050005,           0.0050005,           0.0050005
                 103,             0.02707,            0.029963,             0.00371,             0.52674,             0.38154,             0.41463,             0.23952,            0.038249,            0.045424,            0.011037,            0.004951,            0.004951,            0.004951
                 104,            0.026213,            0.028245,           0.0035537,             0.55942,              0.3528,             0.40415,             0.23766,            0.037974,             0.04411,            0.010034,           0.0049015,           0.0049015,           0.0049015
                 105,             0.02454,            0.027231,           0.0031905,             0.48755,             0.36836,             0.40286,             0.23223,             0.03816,            0.044199,           0.0092821,            0.004852,            0.004852,            0.004852
                 106,            0.025854,            0.026639,           0.0037569,             0.47285,             0.40637,             0.41307,              0.2298,            0.038379,            0.045439,           0.0099045,           0.0048025,           0.0048025,           0.0048025
                 107,            0.025904,             0.02823,           0.0030847,             0.45287,             0.39667,             0.40078,             0.22904,            0.038456,            0.046091,            0.010721,            0.004753,            0.004753,            0.004753
                 108,            0.024933,            0.029194,           0.0033092,               0.567,             0.44413,             0.40906,             0.23668,            0.039036,            0.043868,              0.0112,           0.0047035,           0.0047035,           0.0047035
                 109,            0.026286,            0.026145,           0.0034758,             0.58847,             0.39386,             0.39382,             0.22603,            0.038334,            0.043992,           0.0099552,            0.004654,            0.004654,            0.004654
                 110,            0.024447,            0.028405,           0.0029796,             0.56342,             0.34843,             0.40077,             0.23079,            0.038194,            0.044985,           0.0097129,           0.0046045,           0.0046045,           0.0046045
                 111,            0.025979,            0.029409,           0.0033514,             0.51457,             0.53891,             0.50327,             0.29239,            0.038355,            0.046575,            0.010308,            0.004555,            0.004555,            0.004555
                 112,            0.026031,            0.029606,           0.0026254,             0.44065,             0.56779,             0.46468,             0.26793,             0.03838,            0.045058,            0.010454,           0.0045055,           0.0045055,           0.0045055
                 113,            0.025526,            0.028336,           0.0031938,             0.52246,             0.52715,             0.45725,             0.26864,            0.038086,            0.045051,            0.010065,            0.004456,            0.004456,            0.004456
                 114,            0.025559,            0.028409,           0.0034633,             0.55267,             0.53212,               0.463,             0.27738,            0.037914,            0.044716,           0.0099531,           0.0044065,           0.0044065,           0.0044065
                 115,            0.024579,            0.027562,           0.0026385,             0.54266,             0.43192,             0.43173,             0.24375,             0.03763,            0.044667,           0.0094919,            0.004357,            0.004357,            0.004357
                 116,            0.025359,            0.028736,           0.0033632,              0.5135,             0.44718,             0.49251,             0.26324,            0.037788,            0.046518,           0.0095049,           0.0043075,           0.0043075,           0.0043075
                 117,            0.025505,            0.030417,           0.0032462,             0.41738,             0.56372,             0.42652,             0.25106,            0.037816,            0.046268,            0.010169,            0.004258,            0.004258,            0.004258
                 118,            0.024529,            0.028965,           0.0030714,             0.43779,             0.58492,             0.43607,             0.25688,            0.037792,            0.044312,           0.0099666,           0.0042085,           0.0042085,           0.0042085
                 119,            0.025513,            0.029803,            0.002933,             0.45116,             0.39503,             0.41343,             0.24268,            0.037885,            0.044352,           0.0094682,            0.004159,            0.004159,            0.004159
                 120,            0.025492,            0.027217,           0.0030876,              0.4629,             0.52833,             0.44038,             0.25598,             0.03785,            0.045663,              0.0091,           0.0041095,           0.0041095,           0.0041095
                 121,            0.023973,            0.026717,            0.003355,             0.59256,             0.35556,             0.41269,             0.24467,            0.037573,            0.044647,           0.0089749,             0.00406,             0.00406,             0.00406
                 122,            0.024643,            0.028116,           0.0033639,             0.53599,             0.37253,             0.41087,              0.2406,            0.036989,            0.044357,           0.0093335,           0.0040105,           0.0040105,           0.0040105
                 123,            0.023631,            0.027703,            0.002913,             0.56505,             0.35906,             0.37528,              0.2246,            0.037922,            0.046323,           0.0096618,            0.003961,            0.003961,            0.003961
                 124,            0.024562,            0.028782,           0.0026754,             0.61801,             0.41624,             0.38848,             0.23314,             0.03795,            0.046206,           0.0093465,           0.0039115,           0.0039115,           0.0039115
                 125,            0.023365,            0.026188,           0.0028132,             0.45705,             0.42501,             0.37328,             0.22272,            0.037585,            0.046599,           0.0094612,            0.003862,            0.003862,            0.003862
                 126,             0.02496,            0.026818,           0.0030397,             0.51752,             0.39578,             0.38988,             0.23118,            0.037401,            0.045496,           0.0090896,           0.0038125,           0.0038125,           0.0038125
                 127,            0.023499,            0.028788,           0.0030108,             0.43321,             0.40346,              0.3914,             0.23306,            0.038243,             0.04798,           0.0097713,            0.003763,            0.003763,            0.003763
                 128,            0.023461,            0.029718,           0.0027906,             0.60679,             0.35302,             0.37146,              0.2216,            0.038105,            0.048222,             0.01047,           0.0037135,           0.0037135,           0.0037135
                 129,            0.023693,            0.028959,            0.002907,             0.46004,             0.39616,              0.3913,             0.23771,            0.038098,            0.049439,           0.0094966,            0.003664,            0.003664,            0.003664
                 130,            0.022918,            0.025068,           0.0031651,             0.53472,             0.38832,             0.41815,             0.24387,             0.03828,            0.048308,            0.009964,           0.0036145,           0.0036145,           0.0036145
                 131,            0.023191,            0.028304,           0.0026112,             0.65796,             0.36021,             0.41171,             0.24032,            0.038166,            0.047998,           0.0096712,            0.003565,            0.003565,            0.003565
                 132,            0.023935,            0.029316,           0.0024536,             0.52917,             0.38074,             0.40205,             0.23535,            0.038201,            0.047848,           0.0096647,           0.0035155,           0.0035155,           0.0035155
                 133,            0.022931,             0.02867,           0.0025346,             0.49404,             0.39699,             0.43166,             0.24378,            0.038129,            0.046942,           0.0098526,            0.003466,            0.003466,            0.003466
                 134,            0.024003,            0.027572,           0.0029035,             0.53161,             0.39692,             0.43135,             0.25165,            0.038434,            0.047331,            0.010042,           0.0034165,           0.0034165,           0.0034165
                 135,            0.022313,            0.025718,           0.0023962,             0.48677,             0.52026,             0.46826,              0.2653,            0.038638,            0.049099,            0.010145,            0.003367,            0.003367,            0.003367
                 136,            0.022739,            0.027931,           0.0028963,             0.49551,             0.51796,             0.46963,             0.27127,            0.038324,            0.047851,            0.010111,           0.0033175,           0.0033175,           0.0033175
                 137,            0.022802,            0.027611,           0.0027095,             0.46256,             0.56214,             0.44986,             0.25585,            0.037955,            0.046056,           0.0098698,            0.003268,            0.003268,            0.003268
                 138,             0.02251,             0.02586,           0.0024257,             0.52854,             0.50788,             0.43928,             0.25501,            0.037673,            0.045786,             0.01044,           0.0032185,           0.0032185,           0.0032185
                 139,            0.022713,            0.027088,           0.0027465,             0.44705,             0.42819,             0.42772,             0.24739,            0.037736,            0.046712,           0.0098572,            0.003169,            0.003169,            0.003169
                 140,            0.023538,            0.025457,           0.0027885,             0.43598,             0.40521,             0.42014,             0.24059,            0.037743,            0.047102,           0.0094663,           0.0031195,           0.0031195,           0.0031195
                 141,            0.022237,            0.027589,           0.0026081,             0.50824,             0.40082,             0.39173,             0.23022,             0.03749,            0.046277,            0.009914,             0.00307,             0.00307,             0.00307
                 142,            0.021966,            0.026581,           0.0022921,             0.43419,             0.41505,             0.40124,             0.23268,              0.0379,             0.04728,            0.010016,           0.0030205,           0.0030205,           0.0030205
                 143,            0.022465,            0.027035,           0.0028437,             0.50328,             0.43674,             0.48885,             0.25256,            0.037845,            0.047498,            0.010219,            0.002971,            0.002971,            0.002971
                 144,             0.02227,            0.027983,           0.0028147,              0.4452,             0.41921,             0.43034,             0.24917,            0.037502,            0.047579,            0.010367,           0.0029215,           0.0029215,           0.0029215
                 145,            0.020751,            0.024772,           0.0024422,             0.60248,             0.42089,              0.4389,             0.24945,            0.037922,            0.047961,            0.010196,            0.002872,            0.002872,            0.002872
                 146,            0.021617,            0.027142,             0.00254,             0.49443,             0.52225,             0.45882,             0.26176,            0.037483,            0.047308,           0.0097364,           0.0028225,           0.0028225,           0.0028225
                 147,            0.021914,            0.025944,           0.0026332,             0.50091,              0.5523,             0.44833,             0.25819,            0.037827,            0.048372,            0.010931,            0.002773,            0.002773,            0.002773
                 148,            0.021765,            0.025586,            0.002236,             0.48008,             0.54208,             0.45332,             0.26344,            0.037752,            0.047807,            0.010314,           0.0027235,           0.0027235,           0.0027235
                 149,             0.02197,            0.026523,           0.0025807,             0.55624,             0.53065,              0.5051,             0.28492,            0.038166,            0.047667,             0.01035,            0.002674,            0.002674,            0.002674
                 150,            0.021807,            0.027332,           0.0022549,             0.52276,             0.53454,             0.47161,             0.26917,            0.038138,            0.048113,           0.0092099,           0.0026245,           0.0026245,           0.0026245
                 151,            0.021292,             0.02568,           0.0023326,             0.56561,             0.47864,             0.45221,             0.25994,            0.038051,            0.049495,           0.0091254,            0.002575,            0.002575,            0.002575
                 152,            0.020977,            0.023937,           0.0023165,             0.52557,             0.44669,             0.44732,             0.25819,            0.038259,            0.049137,           0.0091937,           0.0025255,           0.0025255,           0.0025255
                 153,            0.020739,            0.024461,           0.0021602,             0.48877,             0.37606,             0.40062,             0.23164,            0.038015,             0.04848,           0.0092134,            0.002476,            0.002476,            0.002476
                 154,            0.022497,            0.025624,           0.0028758,             0.51078,             0.38823,             0.39864,             0.23295,            0.038086,            0.048851,           0.0097222,           0.0024265,           0.0024265,           0.0024265
                 155,            0.019907,             0.02353,           0.0024904,             0.49508,             0.39971,             0.41269,             0.23985,             0.03775,            0.048488,           0.0098827,            0.002377,            0.002377,            0.002377
                 156,            0.020646,            0.024303,           0.0022679,             0.48836,              0.4515,             0.41022,             0.23586,            0.037474,            0.047917,             0.01027,           0.0023275,           0.0023275,           0.0023275
                 157,            0.020623,            0.025625,           0.0024012,             0.42553,              0.3971,             0.41587,             0.23744,            0.037849,            0.048645,           0.0094814,            0.002278,            0.002278,            0.002278
                 158,            0.020367,            0.024117,           0.0020023,             0.46943,             0.41842,             0.41708,             0.23467,            0.037877,            0.049681,           0.0095069,           0.0022285,           0.0022285,           0.0022285
                 159,             0.02057,            0.024239,           0.0024402,             0.49015,             0.37411,             0.40749,             0.23385,            0.037918,            0.050305,           0.0098732,            0.002179,            0.002179,            0.002179
                 160,            0.020639,            0.023012,           0.0020812,             0.42634,             0.37238,              0.4014,             0.23137,            0.037784,            0.049838,            0.010086,           0.0021295,           0.0021295,           0.0021295
                 161,             0.02131,            0.025069,           0.0024202,             0.43835,              0.4747,             0.40282,             0.23291,            0.037868,            0.048879,           0.0096251,             0.00208,             0.00208,             0.00208
                 162,            0.021185,            0.025544,            0.002596,              0.5263,              0.5128,             0.44975,             0.24896,            0.037561,            0.049423,           0.0092287,           0.0020305,           0.0020305,           0.0020305
                 163,            0.019979,            0.023483,           0.0020352,             0.52673,             0.51317,             0.45254,             0.24796,            0.037411,            0.049713,           0.0092953,            0.001981,            0.001981,            0.001981
                 164,            0.020739,            0.025193,            0.002426,             0.55772,             0.54927,              0.5185,             0.28833,            0.037587,            0.049589,           0.0095339,           0.0019315,           0.0019315,           0.0019315
                 165,            0.019827,            0.023581,           0.0023015,             0.48003,             0.53781,             0.47109,             0.26543,            0.037588,            0.049214,           0.0094479,            0.001882,            0.001882,            0.001882
                 166,            0.020428,            0.024881,           0.0022089,             0.50737,             0.41484,             0.49865,             0.26176,            0.037744,             0.04959,           0.0099399,           0.0018325,           0.0018325,           0.0018325
                 167,              0.0205,            0.023059,           0.0022437,             0.48723,             0.52198,             0.49318,             0.25895,             0.03762,            0.048549,           0.0096147,            0.001783,            0.001783,            0.001783
                 168,            0.021313,            0.024833,           0.0023117,             0.55358,             0.43577,             0.51949,             0.27372,            0.037772,            0.049097,           0.0094002,           0.0017335,           0.0017335,           0.0017335
                 169,            0.019411,            0.023546,           0.0020649,             0.45236,             0.48582,              0.4503,             0.25249,            0.037922,            0.048197,           0.0092043,            0.001684,            0.001684,            0.001684
                 170,            0.019385,            0.022809,           0.0021822,             0.50739,              0.4416,             0.43525,             0.25391,             0.03777,              0.0481,           0.0092409,           0.0016345,           0.0016345,           0.0016345
                 171,            0.020905,            0.024626,           0.0021479,             0.48929,             0.51943,             0.44033,             0.25988,            0.037483,            0.048439,           0.0095698,            0.001585,            0.001585,            0.001585
                 172,            0.019525,            0.023308,            0.002244,             0.51829,             0.51052,             0.43687,             0.25849,            0.037803,            0.050036,            0.010309,           0.0015355,           0.0015355,           0.0015355
                 173,            0.019481,            0.022397,           0.0020712,             0.57758,             0.51084,             0.45961,             0.27328,              0.0375,            0.048857,             0.01031,            0.001486,            0.001486,            0.001486
                 174,            0.019329,            0.023481,            0.002073,             0.57893,             0.51339,             0.47269,             0.26229,            0.037489,              0.0484,            0.010106,           0.0014365,           0.0014365,           0.0014365
                 175,            0.019422,            0.023622,           0.0020607,             0.52451,             0.51104,             0.44276,             0.25127,            0.037515,            0.048368,           0.0099247,            0.001387,            0.001387,            0.001387
                 176,            0.019728,            0.024269,           0.0022174,             0.56333,             0.52862,             0.47366,             0.26699,            0.037583,            0.048757,           0.0098184,           0.0013375,           0.0013375,           0.0013375
                 177,            0.019847,            0.022556,           0.0021161,             0.53171,                0.53,             0.46274,             0.27073,            0.037592,            0.049375,            0.010008,            0.001288,            0.001288,            0.001288
                 178,            0.019638,            0.023255,           0.0022307,             0.55858,             0.47214,             0.50394,             0.28255,            0.038032,            0.050309,             0.01018,           0.0012385,           0.0012385,           0.0012385
                 179,            0.018793,            0.021834,           0.0018733,             0.46562,             0.51536,             0.42688,              0.2458,             0.03807,            0.050041,           0.0099046,            0.001189,            0.001189,            0.001189
                 180,            0.019867,            0.022647,           0.0020195,              0.4957,              0.5143,             0.45602,             0.26793,            0.038104,            0.049983,           0.0098183,           0.0011395,           0.0011395,           0.0011395
                 181,            0.018474,            0.020978,           0.0023497,             0.62697,             0.45782,             0.47024,             0.27297,            0.038001,            0.049897,           0.0091627,             0.00109,             0.00109,             0.00109
                 182,            0.019361,            0.023056,           0.0023146,             0.58118,             0.49867,             0.52089,             0.29674,            0.037854,            0.049333,           0.0088088,           0.0010405,           0.0010405,           0.0010405
                 183,            0.018086,            0.021209,           0.0021532,             0.56952,             0.51563,             0.51438,             0.29017,            0.038044,            0.049553,           0.0091012,            0.000991,            0.000991,            0.000991
                 184,            0.018558,            0.022548,           0.0017605,             0.60283,             0.47686,             0.50464,             0.28631,            0.038012,            0.050054,           0.0092926,           0.0009415,           0.0009415,           0.0009415
                 185,            0.018466,            0.020774,           0.0022237,             0.59597,             0.50637,             0.51824,              0.2924,            0.037793,            0.049879,           0.0096738,            0.000892,            0.000892,            0.000892
                 186,            0.018004,            0.022034,           0.0016075,             0.57195,             0.49538,             0.51295,             0.29168,            0.037716,            0.049969,           0.0096917,           0.0008425,           0.0008425,           0.0008425
                 187,            0.017375,            0.021604,           0.0016692,             0.57312,             0.45638,             0.49951,             0.28557,            0.037881,            0.050378,           0.0098671,            0.000793,            0.000793,            0.000793
                 188,            0.019075,            0.022273,           0.0017925,              0.5727,             0.45695,             0.50515,              0.2891,             0.03787,             0.05046,           0.0096604,           0.0007435,           0.0007435,           0.0007435
                 189,             0.01771,             0.02156,           0.0017696,             0.52858,              0.4854,              0.5086,              0.2897,            0.037974,            0.050243,           0.0097141,            0.000694,            0.000694,            0.000694
                 190,            0.019072,             0.02249,           0.0019408,             0.63935,             0.45742,             0.51153,             0.29045,            0.037842,            0.050317,           0.0095903,           0.0006445,           0.0006445,           0.0006445
                 191,            0.018912,            0.024058,           0.0023822,             0.63677,              0.4622,             0.51244,             0.29161,            0.037744,            0.050182,             0.00963,            0.000595,            0.000595,            0.000595
                 192,            0.019222,            0.022275,           0.0020991,             0.63992,             0.45931,             0.51241,             0.29458,            0.037863,            0.050403,           0.0098792,           0.0005455,           0.0005455,           0.0005455
                 193,            0.018883,            0.022209,           0.0021508,             0.61542,              0.4925,             0.51574,              0.2937,            0.037939,            0.050211,           0.0099763,            0.000496,            0.000496,            0.000496
                 194,            0.018423,            0.021879,           0.0019941,             0.63272,             0.45985,             0.51891,             0.29691,            0.037863,            0.050497,           0.0099925,           0.0004465,           0.0004465,           0.0004465
                 195,            0.018184,            0.021726,           0.0020695,             0.58293,             0.44974,             0.51361,             0.29315,            0.037823,            0.050638,            0.010016,            0.000397,            0.000397,            0.000397
                 196,             0.01831,             0.02208,           0.0020736,             0.61254,             0.46564,             0.51653,             0.29243,            0.037799,            0.051034,            0.010136,           0.0003475,           0.0003475,           0.0003475
                 197,            0.017895,            0.021977,           0.0018654,              0.6485,             0.47893,             0.51972,             0.29452,            0.037879,            0.051156,            0.010395,            0.000298,            0.000298,            0.000298
                 198,            0.018413,            0.022117,           0.0017078,             0.64196,             0.48264,             0.51932,             0.29433,            0.037877,            0.050915,            0.010343,           0.0002485,           0.0002485,           0.0002485
                 199,            0.018056,            0.021808,           0.0020003,             0.68224,             0.44546,             0.51928,             0.29349,            0.037856,             0.05099,            0.010175,            0.000199,            0.000199,            0.000199
